User,session_state,Assistant,session_state,timestamp
Give me a summary,,Output,,2025-01-30 13:15:32.917671
Summarize Document Please,," Here's what I learned about the person from the document summary:

*  They are a software engineer at Apple.
* They have been involved with Apache Airflow since 2018.
* They hold the roles of an Airflow Committer and PMC member, indicating significant contributions to the project.
* Their work extends beyond software development, as they mention engaging with Airflow physically. 



",,2025-01-30 13:50:44.930828
